"","year","yoshino_peak_bloom_date","bloom_date","formatted_date","emoji"
"1",1921,79,1921-03-21,"Mar. 21","https://abs.twimg.com/emoji/v2/72x72/1f338.png"
"2",1922,97,1922-04-08,"Apr. 08","https://abs.twimg.com/emoji/v2/72x72/1f338.png"
"3",1923,99,1923-04-10,"Apr. 10","https://abs.twimg.com/emoji/v2/72x72/1f338.png"
"4",1924,104,1924-04-14,"Apr. 14","https://abs.twimg.com/emoji/v2/72x72/1f338.png"
"5",1925,86,1925-03-28,"Mar. 28","https://abs.twimg.com/emoji/v2/72x72/1f338.png"
"6",1926,101,1926-04-12,"Apr. 12","https://abs.twimg.com/emoji/v2/72x72/1f338.png"
"7",1927,79,1927-03-21,"Mar. 21","https://abs.twimg.com/emoji/v2/72x72/1f338.png"
"8",1928,99,1928-04-09,"Apr. 09","https://abs.twimg.com/emoji/v2/72x72/1f338.png"
"9",1929,90,1929-04-01,"Apr. 01","https://abs.twimg.com/emoji/v2/72x72/1f338.png"
"10",1930,91,1930-04-02,"Apr. 02","https://abs.twimg.com/emoji/v2/72x72/1f338.png"
"11",1931,101,1931-04-12,"Apr. 12","https://abs.twimg.com/emoji/v2/72x72/1f338.png"
"12",1932,106,1932-04-16,"Apr. 16","https://abs.twimg.com/emoji/v2/72x72/1f338.png"
"13",1933,99,1933-04-10,"Apr. 10","https://abs.twimg.com/emoji/v2/72x72/1f338.png"
"14",1934,105,1934-04-16,"Apr. 16","https://abs.twimg.com/emoji/v2/72x72/1f338.png"
"15",1935,91,1935-04-02,"Apr. 02","https://abs.twimg.com/emoji/v2/72x72/1f338.png"
"16",1936,98,1936-04-08,"Apr. 08","https://abs.twimg.com/emoji/v2/72x72/1f338.png"
"17",1937,104,1937-04-15,"Apr. 15","https://abs.twimg.com/emoji/v2/72x72/1f338.png"
"18",1938,84,1938-03-26,"Mar. 26","https://abs.twimg.com/emoji/v2/72x72/1f338.png"
"19",1939,89,1939-03-31,"Mar. 31","https://abs.twimg.com/emoji/v2/72x72/1f338.png"
"20",1940,104,1940-04-14,"Apr. 14","https://abs.twimg.com/emoji/v2/72x72/1f338.png"
"21",1941,102,1941-04-13,"Apr. 13","https://abs.twimg.com/emoji/v2/72x72/1f338.png"
"22",1942,95,1942-04-06,"Apr. 06","https://abs.twimg.com/emoji/v2/72x72/1f338.png"
"23",1943,94,1943-04-05,"Apr. 05","https://abs.twimg.com/emoji/v2/72x72/1f338.png"
"24",1944,100,1944-04-10,"Apr. 10","https://abs.twimg.com/emoji/v2/72x72/1f338.png"
"25",1945,79,1945-03-21,"Mar. 21","https://abs.twimg.com/emoji/v2/72x72/1f338.png"
"26",1946,82,1946-03-24,"Mar. 24","https://abs.twimg.com/emoji/v2/72x72/1f338.png"
"27",1947,102,1947-04-13,"Apr. 13","https://abs.twimg.com/emoji/v2/72x72/1f338.png"
"28",1948,88,1948-03-29,"Mar. 29","https://abs.twimg.com/emoji/v2/72x72/1f338.png"
"29",1949,88,1949-03-30,"Mar. 30","https://abs.twimg.com/emoji/v2/72x72/1f338.png"
"30",1950,99,1950-04-10,"Apr. 10","https://abs.twimg.com/emoji/v2/72x72/1f338.png"
"31",1951,96,1951-04-07,"Apr. 07","https://abs.twimg.com/emoji/v2/72x72/1f338.png"
"32",1952,100,1952-04-10,"Apr. 10","https://abs.twimg.com/emoji/v2/72x72/1f338.png"
"33",1953,86,1953-03-28,"Mar. 28","https://abs.twimg.com/emoji/v2/72x72/1f338.png"
"34",1954,96,1954-04-07,"Apr. 07","https://abs.twimg.com/emoji/v2/72x72/1f338.png"
"35",1955,92,1955-04-03,"Apr. 03","https://abs.twimg.com/emoji/v2/72x72/1f338.png"
"36",1956,97,1956-04-07,"Apr. 07","https://abs.twimg.com/emoji/v2/72x72/1f338.png"
"37",1957,98,1957-04-09,"Apr. 09","https://abs.twimg.com/emoji/v2/72x72/1f338.png"
"38",1958,108,1958-04-19,"Apr. 19","https://abs.twimg.com/emoji/v2/72x72/1f338.png"
"39",1959,96,1959-04-07,"Apr. 07","https://abs.twimg.com/emoji/v2/72x72/1f338.png"
"40",1960,105,1960-04-15,"Apr. 15","https://abs.twimg.com/emoji/v2/72x72/1f338.png"
"41",1961,92,1961-04-03,"Apr. 03","https://abs.twimg.com/emoji/v2/72x72/1f338.png"
"42",1962,97,1962-04-08,"Apr. 08","https://abs.twimg.com/emoji/v2/72x72/1f338.png"
"43",1963,93,1963-04-04,"Apr. 04","https://abs.twimg.com/emoji/v2/72x72/1f338.png"
"44",1964,102,1964-04-12,"Apr. 12","https://abs.twimg.com/emoji/v2/72x72/1f338.png"
"45",1965,105,1965-04-16,"Apr. 16","https://abs.twimg.com/emoji/v2/72x72/1f338.png"
"46",1966,95,1966-04-06,"Apr. 06","https://abs.twimg.com/emoji/v2/72x72/1f338.png"
"47",1967,96,1967-04-07,"Apr. 07","https://abs.twimg.com/emoji/v2/72x72/1f338.png"
"48",1968,90,1968-03-31,"Mar. 31","https://abs.twimg.com/emoji/v2/72x72/1f338.png"
"49",1969,99,1969-04-10,"Apr. 10","https://abs.twimg.com/emoji/v2/72x72/1f338.png"
"50",1970,106,1970-04-17,"Apr. 17","https://abs.twimg.com/emoji/v2/72x72/1f338.png"
"51",1971,98,1971-04-09,"Apr. 09","https://abs.twimg.com/emoji/v2/72x72/1f338.png"
"52",1972,102,1972-04-12,"Apr. 12","https://abs.twimg.com/emoji/v2/72x72/1f338.png"
"53",1973,101,1973-04-12,"Apr. 12","https://abs.twimg.com/emoji/v2/72x72/1f338.png"
"54",1974,93,1974-04-04,"Apr. 04","https://abs.twimg.com/emoji/v2/72x72/1f338.png"
"55",1975,93,1975-04-04,"Apr. 04","https://abs.twimg.com/emoji/v2/72x72/1f338.png"
"56",1976,83,1976-03-24,"Mar. 24","https://abs.twimg.com/emoji/v2/72x72/1f338.png"
"57",1977,85,1977-03-27,"Mar. 27","https://abs.twimg.com/emoji/v2/72x72/1f338.png"
"58",1978,102,1978-04-13,"Apr. 13","https://abs.twimg.com/emoji/v2/72x72/1f338.png"
"59",1979,92,1979-04-03,"Apr. 03","https://abs.twimg.com/emoji/v2/72x72/1f338.png"
"60",1980,97,1980-04-07,"Apr. 07","https://abs.twimg.com/emoji/v2/72x72/1f338.png"
"61",1981,93,1981-04-04,"Apr. 04","https://abs.twimg.com/emoji/v2/72x72/1f338.png"
"62",1982,97,1982-04-08,"Apr. 08","https://abs.twimg.com/emoji/v2/72x72/1f338.png"
"63",1983,97,1983-04-08,"Apr. 08","https://abs.twimg.com/emoji/v2/72x72/1f338.png"
"64",1984,94,1984-04-04,"Apr. 04","https://abs.twimg.com/emoji/v2/72x72/1f338.png"
"65",1985,97,1985-04-08,"Apr. 08","https://abs.twimg.com/emoji/v2/72x72/1f338.png"
"66",1986,92,1986-04-03,"Apr. 03","https://abs.twimg.com/emoji/v2/72x72/1f338.png"
"67",1987,87,1987-03-29,"Mar. 29","https://abs.twimg.com/emoji/v2/72x72/1f338.png"
"68",1988,91,1988-04-01,"Apr. 01","https://abs.twimg.com/emoji/v2/72x72/1f338.png"
"69",1989,88,1989-03-30,"Mar. 30","https://abs.twimg.com/emoji/v2/72x72/1f338.png"
"70",1990,74,1990-03-16,"Mar. 16","https://abs.twimg.com/emoji/v2/72x72/1f338.png"
"71",1991,88,1991-03-30,"Mar. 30","https://abs.twimg.com/emoji/v2/72x72/1f338.png"
"72",1992,98,1992-04-08,"Apr. 08","https://abs.twimg.com/emoji/v2/72x72/1f338.png"
"73",1993,101,1993-04-12,"Apr. 12","https://abs.twimg.com/emoji/v2/72x72/1f338.png"
"74",1994,95,1994-04-06,"Apr. 06","https://abs.twimg.com/emoji/v2/72x72/1f338.png"
"75",1995,92,1995-04-03,"Apr. 03","https://abs.twimg.com/emoji/v2/72x72/1f338.png"
"76",1996,95,1996-04-05,"Apr. 05","https://abs.twimg.com/emoji/v2/72x72/1f338.png"
"77",1997,85,1997-03-27,"Mar. 27","https://abs.twimg.com/emoji/v2/72x72/1f338.png"
"78",1998,86,1998-03-28,"Mar. 28","https://abs.twimg.com/emoji/v2/72x72/1f338.png"
"79",1999,95,1999-04-06,"Apr. 06","https://abs.twimg.com/emoji/v2/72x72/1f338.png"
"80",2000,77,2000-03-18,"Mar. 18","https://abs.twimg.com/emoji/v2/72x72/1f338.png"
"81",2001,96,2001-04-07,"Apr. 07","https://abs.twimg.com/emoji/v2/72x72/1f338.png"
"82",2002,92,2002-04-03,"Apr. 03","https://abs.twimg.com/emoji/v2/72x72/1f338.png"
"83",2003,92,2003-04-03,"Apr. 03","https://abs.twimg.com/emoji/v2/72x72/1f338.png"
"84",2004,91,2004-04-01,"Apr. 01","https://abs.twimg.com/emoji/v2/72x72/1f338.png"
"85",2005,99,2005-04-10,"Apr. 10","https://abs.twimg.com/emoji/v2/72x72/1f338.png"
"86",2006,89,2006-03-31,"Mar. 31","https://abs.twimg.com/emoji/v2/72x72/1f338.png"
"87",2007,91,2007-04-02,"Apr. 02","https://abs.twimg.com/emoji/v2/72x72/1f338.png"
"88",2008,86,2008-03-27,"Mar. 27","https://abs.twimg.com/emoji/v2/72x72/1f338.png"
"89",2009,91,2009-04-02,"Apr. 02","https://abs.twimg.com/emoji/v2/72x72/1f338.png"
"90",2010,90,2010-04-01,"Apr. 01","https://abs.twimg.com/emoji/v2/72x72/1f338.png"
"91",2011,88,2011-03-30,"Mar. 30","https://abs.twimg.com/emoji/v2/72x72/1f338.png"
"92",2012,80,2012-03-21,"Mar. 21","https://abs.twimg.com/emoji/v2/72x72/1f338.png"
"93",2013,99,2013-04-10,"Apr. 10","https://abs.twimg.com/emoji/v2/72x72/1f338.png"
"94",2014,100,2014-04-11,"Apr. 11","https://abs.twimg.com/emoji/v2/72x72/1f338.png"
"95",2015,100,2015-04-11,"Apr. 11","https://abs.twimg.com/emoji/v2/72x72/1f338.png"
"96",2016,85,2016-03-26,"Mar. 26","https://abs.twimg.com/emoji/v2/72x72/1f338.png"
"97",2017,84,2017-03-26,"Mar. 26","https://abs.twimg.com/emoji/v2/72x72/1f338.png"
"98",2018,95,2018-04-06,"Apr. 06","https://abs.twimg.com/emoji/v2/72x72/1f338.png"
"99",2019,91,2019-04-02,"Apr. 02","https://abs.twimg.com/emoji/v2/72x72/1f338.png"
"100",2020,80,2020-03-21,"Mar. 21","https://abs.twimg.com/emoji/v2/72x72/1f338.png"
"101",2021,87,2021-03-29,"Mar. 29","https://abs.twimg.com/emoji/v2/72x72/1f338.png"
"102",2022,80,2022-03-22,"Mar. 22","https://abs.twimg.com/emoji/v2/72x72/1f338.png"
"103",2023,82,2023-03-24,"Mar. 24","https://abs.twimg.com/emoji/v2/72x72/1f338.png"
"104",2024,77,2024-03-18,"Mar. 18","https://abs.twimg.com/emoji/v2/72x72/1f338.png"
